Epoch,Training Loss,Training Accuracy,Validation Loss,Validation Accuracy,Train KL Div
98,113098.77600838659,0.7306060303514377,418841.8677314082,0.7333860759493671,13920039.907348244
99,93629.65490839657,0.7801267971246006,417280.8197685918,0.7229034810126582,13698108.380191693
